#,Hasło,Uwaga
1,Abrahamowicz Dawid 1839-1926,Poseł na Sejm Ust. 1919-22.
2,Abramowicz Witold 1874-1941?,"Poseł na Sejm Ust. 1919-22 (od 24.03.1922, zrzekł się mandatu 30.03.1922)."
3,Adam Ernest 1868-1926,Poseł na Sejm Ust. 1919-22.
4,Adamski Stanisław 1875-1967,Poseł na Sejm Ust. 1919-22.
5,Anusz Antoni 1884-1935,Poseł na Sejm Ust. 1919-22 oraz I i II kadencji 1922-30 (zrzekł się mandatu 8.09.1928).
6,Arcichowski Michał 1863-1937,Poseł na Sejm Ust. 1919-22 i I kadencji 1922-27.
7,Arciszewski Tomasz Andrzej 1877-1955,"Poseł na Sejm Ust. 1919-22 oraz I, II i III kadencji 1922-35."
8,Babicz Jan 1869-1924,Poseł na Sejm Ust. 1919-22.
9,Bagiński Kazimierz Florian 1890-1966,Poseł na Sejm Ust. 1919-22 oraz I i II kadencji 1922-30.
10,Bagiński Stanisław 1881-po 1941,Poseł na Sejm Ust. 1919-22 (od 30.03.1922).
11,Balicka Gabriela z d. Iwanowska 1871-1962,"Posłanka na Sejm Ust. 1919-22 oraz I, II i III kadencji 1922-1935."
12,Bańkowski Witold Antoni 1864-1942,"Poseł na Sejm Ust. 1919-1922 (od 24.03.1922, zrzekł się mandatu 30.03.1922)."
13,Baranowski Wincenty 1877-1957,Poseł na Sejm Ust. 1919-22 oraz I i II kadencji 1922-30.
14,Barczewski Ernst 1861-1937,Poseł na Sejm Ust. 1919-22 (od 8.06.1920).
15,Bardel Franciszek 1869-1941,Poseł na Sejm Ust. 1919-22 (zrzekł się mandatu 15.11.1921).
16,Barlicki Norbert Stanisław 1880-1941,"Poseł na Sejm Ustawodawczy 1919-22 oraz I, II i III kadencji 1922-1935 (wygaśnięcie mandatu 5"
17,Baworowski Jerzy 1870-1933,Poseł na Sejm Ust. 1919-22.
18,Bednarczyk Józef 1875-1928,Poseł na Sejm Ust. 1919-22 i I kadencji 1922-27.
19,Bieńkowski Edmund Marcin 1888-1938,Poseł na Sejm Ust. 1919-22 (zrzekł się mandatu 9.01.1920).
20,Bigoński Edmund 1891-1937,Poseł na Sejm Ust. 1919-22 i I kadencji 1922-27.
21,Biliński Józef 1889-1948,Poseł na Sejm Ust. 1919-22.
22,Bliziński Wacław 1870-1944,Poseł na Sejm Ust. 1919-22.
23,Błachnio Józef 1858-1926,Poseł na Sejm Ust. 1919-22.
24,Błyskosz Józefat 1876-1947,Poseł na Sejm Ust. 1919-22 (ślubowanie 3.04.1919) i III kadencji 1930-35.
25,Bobek Paweł 1883-1945,Poseł na Sejm Ust. 1919-22 (uznany za posła 14.03.1919) i I kadencji 1922-27.
26,Bobrowski Emil 1876-1938,Poseł na Sejm Ust. 1919-22 oraz I i II kadencji 1922-30 (zrzekł się mandatu 22.03.1929).
27,Bochenek Józef 1886-1924,Poseł na Sejm Ust. 1919-22.
28,Bochenek Szczepan 1868-1939,Poseł na Sejm Ust. 1919-22.
29,Bojanowski Michał Ignacy 1865-1932,Poseł na Sejm Ust. 1919-22.
30,Bojko Jakub 1857-1943,Poseł na Sejm Ust. 1919-22 (wicemarszałek) i II kadencji (marszałek senior) 1928-30.
31,Bolt Feliks 1864-1940,Poseł na Sejm Ust. 1919-1922 (od 8.06.1920).
32,Boruń Władysław 1874-po 1926,Poseł na Sejm Ust. 1919-22 (ślubowanie 6.07.1919).
33,Brandys Paweł 1869-1950,Poseł na Sejm Ust. 1919-22.
34,Brejski Izydor 1872-1935,Poseł na Sejm Ust. 1919-22 (od 1.06.1920).
35,Brejski Jan 1863-1934,"Poseł na Sejm Ust. 1919-22 (od 1.06.1920, zrzekł się mandatu 24.09.1920)."
36,Bresiński Stanisław 1875-1956,Poseł na Sejm Ust. 1919-22.
37,Brodziak Jan 1867-1944,Poseł na Sejm Ust. 1919-22.
38,Brownsford Kazimierz 1856-1925,"Poseł na Sejm Ustawodawczy 1919-22 i I kadencji 1922-27 (Marszałek Senior, zmarł 11.09.1925)."
39,Brun Stanisław Gustaw 1854-1925,Poseł na Sejm Ust. 1919-22.
40,Bryl Jan 1885-1945,Poseł na Sejm Ust. 1919-22 (sekretarz Sejmu) i I kadencji 1922-27.
41,Brzosko Władysław 1856-1940,Poseł na Sejm Ust. 1919-22.
42,Brzostowski Stanisław 1880-1955,Poseł na Sejm Ust. 1919-22 (od 24.03.1922).
43,Buczny Franciszek 1871-po 1922,Poseł na Sejm Ust. 1919-22.
44,Bujak Antoni 1891-1945,Poseł na Sejm Ust. 1919-22 i I kadencji 1922-27.
45,Burakowski Piotr 1887-?,Poseł na Sejm Ust. 1919-22.
46,Buzek Józef 1873-1936,Poseł na Sejm Ust. 1919-22.
47,Cegiełka Wacław 1887-1966,Poseł na Sejm Ust. 1919-22 (zrzekł się mandatu 1.10.1919).
48,Chadryś vel Chudryś Jan 1867-1954,Poseł na Sejm Ust. 1919-22.
49,Chaniewski Stanisław Antoni 1859-1920,Poseł na Sejm Ust. 1919-22 (zmarł 4.11.1920).
50,Chądzyński Adam 1882-1963,"Poseł na Sejm Ust. 1919-22 (od 1.06.1920) oraz I, II i III kadencji 1922-35."
51,Chłapowski Antoni 1855-1927,Poseł na Sejm Ust. 1919-22.
52,Chomiński Ludwik 1890-1958,Poseł na Sejm Ust. 1919-22 (od 24.03.1922) i I kadencji 1922-27.
53,Chrzanowski Władysław 1886-1933,Poseł na Sejm Ust. 1919-22 (zrzekł się mandatu 6.12.1921).
54,Chudy Antoni 1880-1935,Poseł na Sejm Ust. 1919-22 i II kadencji 1928-30.
55,Cianciara Jan 1875-1947,Poseł na Sejm Ust. 1919-22.
56,Ciekot Szczepan 1885-1964,Poseł na Sejm Ust. 1919-22. Zrzekł się mandatu 10 V 1920 na rzecz Aleksandra Niedbalskiego (z
57,Cieśla Adam Wiktor 1883-1944,Poseł na Sejm Ust. 1919-22
58,Czapiński Kazimierz 1882-przed 1941,"Poseł na Sejm Ust. 1919-22 oraz I, II i III kadencji 1922-35."
59,Czarnowski Wiktor 1889-po 1942,Poseł na Sejm Ust. 1919-22 (od 24.03.1922).
60,Czerniewski Artemiusz Ludomił 1883-?,Poseł na Sejm Ust. 1919-22 (od maja 1920) i I kadencji 1922-27.
61,Czetwertyński-Światopełk książę Seweryn Franciszek 1873-1945,"Poseł na Sejm Ust. 1919-22 (od 20.03.1919) oraz I (czł. Sądu Honorowego), II (wicemarszałek"
62,Ćwikowski Stanisław 1877-1960,Poseł na Sejm Ust. 1919-22.
63,Dachowski Filip 1893-1962,Poseł na Sejm Ust. 1919-22 i I kadencji 1922-27.
64,Daczko Karol 1860-1928,Poseł na Sejm Ust. 1919-22 (od 8.06.1920) i I kadencji 1922-27.
65,Daszyński Ignacy Ewaryst 1866-1936,"Poseł na Sejm Ust. 1919-22 oraz I (wicemarszałek od 26.11.1925), II (marszałek od 27.03.1928)"
66,Dąbal Tomasz Jan 1890-1937,Poseł na Sejm Ust. 1919-22.
67,Dąbrowski Jan 1876-po 1939,Poseł na Sejm Ust. 1919-22 (zrzekł się mandatu 6.11. 1919).
68,Dąbrowski Marian 1878-1958,"Poseł na Sejm Ust. 1919-22 (ślubowanie 15.11.1921) oraz I, II i III kadencji 1922-35."
69,Dąbrowski Stefan Zygmunt 1877-1947,"Poseł na Sejm Ust. 1919-22 (od 31.01.1922) oraz I, II, III kadencji 1922-35."
70,Dąbski Jan 1880-1931,"Poseł na Sejm Ust. 1919-22 oraz I, II (wicemarszałek od 28.03.1928) i III (wicemarszałek od 1"
71,Dembiński Bronisław 1858-1939,Poseł na Sejm Ust. 1919-22.
72,Dębski Jan Michał 1889-1976,Poseł na Sejm Ust. 1919-22 (sekretarz) oraz I (wicemarszałek od 26.11.1925) i II kadencji 1922
73,Dębski Władysław Aleksander 1863-1920,Poseł na Sejm Ust. 1919-22 (zmarł w trakcie kadencji 10.11.1920).
74,Diamand Herman 1860-1931,Poseł na Sejm Ust. 1919-22 oraz I (czł. Sądu Honorowego) i II kadencji 1922-30.
75,Dmowski Roman 1864-1939,Poseł na Sejm Ust. 1919-22.
76,Dobrowolski Kazimierz Władysław 1884-1957,"Poseł na Sejm Ust. 1919-22 oraz I, II i III kadencji 1922-35."
77,Dombek Paweł 1865-1925,Poseł na Sejm Ust. 1919-22.
78,Dreszer Zygmunt 1888-po1938,Poseł na Sejm Ust. 1919-22.
79,Dubanowicz Edward 1881-1943,Poseł na Sejm Ust. 1919-22 i I kadencji 1922-27.
80,Duda Feliks 1870-1928,Poseł na Sejm Ust. 1919-22 (wszedł w trakcie kadencji w grudniu 1919).
81,Dunajski Piotr 1869-1938,Poseł na Sejm Ust. 1919-22.
82,Durczak Jan 1884-1945,Poseł na Sejm Ust. 1919-22.
83,Duro Jan 1887-1937,"Poseł na Sejm Ust. 1919-22 oraz I, II i III kadencji 1922-35."
84,Dyło Tomasz 1871-1958,Poseł na Sejm Ust. 1919-22.
85,Dymowski Tadeusz 1888-1949,"Poseł na Sejm Ust. 1919-22 (mandat unieważniony na mocy wyroku SN z 31.05.1919, ponownie wybra"
86,Dymowski Tadeusz Mścisław 1885-1961,Poseł na Sejm Ust. 1919-22 i I kadencji 1922-27.
87,Dziennicki Stanisław 1885-1931,Poseł na Sejm Ust. 1919-22.
88,Dzikowski Błażej 1881-1940,Poseł na Sejm Ust. 1919-22 oraz II kadencji 1928-30 (ślubowanie 24.04.1928).
89,Dziubińska Jadwiga 1876-1937,Posłanka na Sejm Ust. 1919-22.
90,Erdman Alfons 1886-1943,Poseł na Sejm Ust. 1919-22 oraz I i V kadencji 1922-27 i 1938-39.
91,Falkowski Stefan Feliks 1879-1958,Poseł na Sejm Ust. 1919-22 i I kadencji 1922-27.
92,Farbstein Szyja Hesel 1870-1948,Poseł na Sejm Ust. 1919-22 oraz I i II kadencji 1922-30.
93,Federowicz Jan Kanty 1858-1924,Poseł na Sejm Ust. 1919-22.
94,Festerkiewicz Franciszek 1879-1947,Poseł na Sejm Ust. 1919-22.
95,Fichna Bolesław 1891-1945,Poseł na Sejm Ust. 1919-22 oraz III kadencji 1930-35.
96,Fijałkowski Aleksander 1876-po 1930,Poseł na Sejm Ust. 1919-22.
97,Fiołka Wojciech 1884-1952,Poseł na Sejm Ust. 1919-22.
98,Frąckowiak Jan 1877-po 1928,Poseł na Sejm Ust. 1919-22 i I kadencji 1922-27.
99,Friese Oscar Emil Julius 1885-1943,Poseł na Sejm Ust. 1919-22.
100,Gajewski Michał 1896-1939,Poseł na Sejm Ust. 1919-22.
101,Galik Edmund 1866-1942,Poseł na Sejm Ust. 1919-22.
102,Galiński Wincenty 1885-po 1938,Poseł na Sejm Ust. 1919-22.
103,Gall Rudolf 1873-po 1924,Poseł na Sejm Ust. 1919-22.
104,Gałka Antoni 1889-1965,Poseł na Sejm Ust. 1919-22.
105,Gawlikowski Jan 1892-1962,Poseł na Sejm Ust. 1919-22 i I kadencji 1922-27.
106,Gdyk Ludwik Teofil 1874-1940,Poseł na Sejm Ust. 1919-22 oraz I (wicemarszałek) i II kadencji 1922-30.
107,Gęborek Władysław 1887-1951,Poseł na Sejm Ust. 1919-22.
108,Głąbiński Stanisław 1862-1941,Poseł na Sejm Ust. 1919-22 oraz I kadencji 1922-27.
109,Godek Jan 1865-po 1930,Poseł na Sejm Ust. 1919-22.
110,Góralski Ignacy 1887-po 1922,Poseł na Sejm Ust. 1919-22.
111,Górny Franciszek 1889-1930,Poseł na Sejm Ust. 1919-22.
112,Górski Walerian 1879-1939,Poseł na Sejm Ust. 1919-22.
113,Grabski Stanisław 1871-1949,Poseł na Sejm Ust. 1919-22 oraz I kadencji 1922-27.
114,Grabski Władysław 1867-1927,Poseł na Sejm Ust. 1919-22.
115,Grabski Władysław 1874-1938,Poseł na Sejm Ust. 1919-22.
116,Gradowski Józef 1878-1968,Poseł na Sejm Ust. 1919-22.
117,Grünbaum Izaak 1879-1970,"Poseł na Sejm Ust. 1919-22 oraz I, II i III kadencji 1922-35."
118,Grzesiński Antoni 1864-1944,Poseł na Sejm Ust. 1919-22 (zrzekł się mandatu 1.10.1919).
119,Grzędzielski Władysław Leon 1864-1925,Poseł na Sejm Ust. 1919-22.
120,Gumowski Stanisław 1873-1935,Poseł na Sejm Ust. 1919-22.
121,Halban Alfred 1865-1926,Poseł na Sejm Ust. 1919-22.
122,Halpern Moszek Ela 1872-1921,Poseł na Sejm Ust. 1919-22 (zmarł w 1921).
123,Hałko Stanisław 1884-1943,Poseł na Sejm Ust. 1919-22.
124,Harasz Antoni 1879-1942,Poseł na Sejm Ust. 1919-22 (sekretarz) oraz I kadencji 1922-27 (sekretarz).
125,Hartglas Maksymilian Apolinary 1883-1953,Poseł na Sejm Ust. 1919-22 oraz I i II kadencji 1922-30.
126,Hasbach Erwin 1876-1970,Poseł na Sejm Ust. 1919-22 (od 8.06.1920).
127,Hausner Artur Walenty 1870-1941,Poseł na Sejm Ust. 1919-22 oraz I i II kadencji 1922-30.
128,Heicke Gustav Carl 1876-1962,Poseł na Sejm Ust. 1919-22 (od 8.06.1920).
129,Hellich Stanisław Grzegorz 1879-1944,Poseł na Sejm Ust. 1919-22 (od listopada 1919).
130,Herz Władysław 1885-1943,Poseł na Sejm Ust. 1919-22 oraz I kadencji 1922-27.
131,Hirszhorn Samuel 1876-1942,Poseł na Sejm Ust. 1919-22.
132,Hryckiewicz Nikodem Henryk 1891-1977,Poseł na Sejm Ust. 1919-22 oraz I kadencji 1922-27.
133,Idziak Wojciech 1883-po 1940,Poseł na Sejm Ust. 1919-22.
134,Imiłkowski Ignacy 1871-1938,Poseł na Sejm Ust. 1919-22.
135,Jabłonowski Władysław 1865-1956,Poseł na Sejm Ust. 1919-22.
136,Jabłoński Wincenty Tadeusz 1863-1923,Poseł na Sejm Ust. 1919-22.
137,Jachiewicz Józef 1874-po 1922,Poseł na Sejm Ust. 1919-22 (zrzekł się mandatu).
138,Jachowicz Józef 1862-1941,Poseł na Sejm Ust. 1919-22.
139,Jakubowski Jan 1886-po 1930,Poseł na Sejm Ust. 1919-22.
140,Jakubowski Tomasz 1859-1931,Poseł na Sejm Ust. 1919-22.
141,Janeczek Michał 1872-1961,Poseł na Sejm Ust. 1919-22 oraz I kadencji 1922-27.
142,Jasiukowicz Stanisław 1882-1946,Poseł na Sejm Ust. (od 9 XII 1920 na miejsce Teofila Wojdy) 1919-1922; poseł I (ślubowanie 12
143,Jęczmyk Franciszek 1864-1931,Poseł na Sejm Ust. 1919-22 (wszedł w trakcie kadencji od lipca lub sierpnia 1919).
144,Jóźwik Józef 1885-1967,Poseł na Sejm Ust. 1919-22.
145,Junga Karol 1887-1943,Poseł na Sejm Ust. 1919-22 (od 20.03.1919).
146,Jurkiewicz Michał 1876-1960,Poseł na Sejm Ust. 1919-22.
147,Kaczmarek Stefan 1884-1939,Poseł na Sejm Ustawodawczy
148,Kaczyński Zygmunt 1894-1953,Poseł na Sejm Ust. oraz I kadencji 1922-27
149,Kamieniecki Witold Franciszek 1883-1964,Poseł na Sejm Ust. w 1930
150,Kamiński Ignacy 1883-1974,Poseł na Sejm Ust.
151,Kantor Jerzy 1872-1954,Poseł na Sejm Ust. (od 14 III 1919).
152,Karkowski Tomasz 1888-1967,Poseł na Sejm Ust. (złożył mandat 7 X 1919).
153,Karlikowski Walenty 1893-1947,Poseł na Sejm Ust. oraz V kadencji 1938-39
154,Kasiński Jan 1871-?,Poseł na Sejm Ustawodawczy.
155,Kędzior Andrzej 1851-1938,Poseł na Sejm Ust.
156,Kielak Stanisław 1885-1940,"Poseł na Sejm Ust. oraz II (ślubowanie 6 XI 1928), III i IV (wicemarszałek od 15 XII 1936) ka"
157,Kiernik Władysław 1879-1971,"Poseł na Sejm Ust. oraz I, II i III (mandat wygasł 11 XII 1933 po uprawomocnieniu wyroku sądo"
158,Klemensiewicz Zygmunt Gabryel 1874-1948,Poseł na Sejm Ust. W kadencji 1928-30 zca posła na liście państwowej nr 2 (PPS).
159,Kleski Jan 1860-1934,Poseł na Sejm Ust. W wyborach w 1922 kandydował bez powodzenia do Sejmu w okręgu wyb. nr 53 (
160,Kłos Józef Albin 1870-1938,Poseł na Sejm Ustawodawczy
161,Kłyszejko Antoni ok. 1864-?,Poseł na Sejm Ust. (od 24 III 1922)
162,Knast Bolesław 1879-1939,Poseł na Sejm Ustawodawczy.
163,Koczur Feliks 1882-1962,Poseł na Sejm Ust.; uzyskał mandat z listy nr 8 w okręgu wyb. nr 38 (Wadowice); czł. klubów
164,Kolischer Henryk 1853-1932,Poseł na Sejm Ust.
165,Korfanty Wojciech 1873-1939,Poseł na Sejm Ust. oraz I i II kadencji 1922-30
166,Kosmowska Irena 1879-1945,Posłanka na Sejm Ust. oraz I i II kadencji 1922-30;
167,Kotas Józef 1875-1950,Sejm Ust.;
168,Kotnis Józef 1885-1944,Poseł na Sejm Ust.;
169,Kotula Kazimierz 1880-1962,Poseł na Sejm Ust.;
170,Kowalczuk Józef 1885-1980,Poseł na Sejm Ust. oraz I kadencji 1922-27;
171,Kowalewski Konstanty 1873-1933,Poseł na Sejm Ust. oraz I kadencji 1922-27;
172,Kozłowski Jan 1881-?,Poseł na Sejm Ust.;
173,Kozyrski Stanisław Jan nazwisko rodowe Kozera 1876-1948,Poseł na Sejm Ust.
174,Koźlicki Bolesław 1888-1966,Poseł na Sejm Ust.;
175,Krajna Kazimierz 1880-1931,Poseł na Sejm Ust.;
176,Kramarczuk Adam 1871-1924,Poseł na Sejm Ust.;
177,Krawiec Kazimierz 1887-?,Poseł na Sejm Ust.;
178,Krempa Franciszek 1853-1935,Poseł na Sejm Ust. oraz I i II kadencji 1922-30;
179,Krężel Adam 1871-1945,Poseł na Sejm Ust. oraz I kadencji 1922-27;
180,Krężel Ignacy 1863-?,Poseł na Sejm Ust. (złożył mandat w XII 1919);
181,Kruczyński Michał 1886-1950,Poseł na Sejm Ust.;
182,Krzysztoforski Józef 1883-1951,Poseł na Sejm Ust.;
183,Krzywkowski Błażej 1878-1940,Poseł na Sejm Ust.;
184,Krzyżanowski Bronisław 1876-1943,Poseł na Sejm Ust.;
185,Kubus Władysław 1868?-?,Poseł na Sejm Ust.
186,Kucharczak Michał 1876-1953,Poseł na Sejm Ust.;
187,Kujawa Antoni ?-?,Wybrany na posła do Sejmu Ust.
188,Kulesza Bronisław 1869-po 1985,Poseł na Sejm Ust.
189,Kułakowski Maciej 1886-1965,Poseł na Sejm Ust.;
190,Kunicki Ryszard Paweł 1873-1960,Poseł na Sejm Ust. (od 14 III 1919);
191,Kupczyński Aleksander 1873-1941,Poseł na Sejm Ust. oraz I kadencji 1922-27
192,Kurach Walery 1868-?,Poseł na Sejm Ust.;
193,Kurczak Teofil 1877-1962,Poseł na Sejm Ust.;
194,Kurzawski Józef 1870-1925,Poseł na Sejm Ust.;
195,Kuśmierek Andrzej 1878-1971,Poseł na Sejm Ust.;
196,Kwasek Józef 1878-1957,Poseł na Sejm Ust.;
197,Kwiatkowski Władysław 1885-1929,Poseł na Sejm Ust.;
198,Kwiecień Franciszek 1890-?,Poseł na Sejm Ust.;
199,Lasota Piotr 1876-1942,Poseł na Sejm Ust. oraz III kadencji 1930-35;
200,Ledwoch Jan 1891-1952,Poseł na Sejm Ust. oraz I i II kadencji 1922-30;
201,Lewandowski Jan 1861-1933,Poseł na Sejm Ust. od 1920.
202,Lewandowski Zenon Eugeniusz 1859-1927,Poseł na Sejm Ust.;
203,Lewy Stanisław 1883-1941,Poseł na Sejm Ust.
204,Lisiecki Wawrzyniec 1875-1958,Poseł na Sejm Ust. oraz I kadencji 1922-27.
205,Lisowski Bolesław 1886-1942,Poseł na Sejm Ust.
206,Loeffler Franciszek Dominik 1874-1919,Poseł na Sejm Ust.
207,Loewenstein Natan 1859-1929,Poseł na Sejm Ust.
208,Londzin Józef 1863-1929,Poseł na Sejm Ust. (uznany za posła 14 III 1919) oraz I kadencji 1922-27.
209,Lubelski Józef 1884-1943,Poseł na Sejm Ust. oraz IV i V kadencji 1935-39.
210,Ludwiczak Antoni Jan 1878-1942,Poseł na Sejm Ust.
211,Luedecke Albrecht Johann 1874-1944,Poseł na Sejm Ust. (od 8 VI 1920).
212,Lutosławski Kazimierz 1880-1924,Poseł na Sejm Ust. oraz I kadencji 1922-27.
213,Łabęda Julian 1893-1945,Poseł na Sejm Ust. oraz I kadencji 1922-27.
214,Łakota Jan 1881-1952,Poseł na Sejm Ust. oraz II kadencji 1928-30.
215,Łańcucki Stanisław 1882-1937,Poseł na Sejm Ust. oraz I kadencji 1922-27 (złożył mandat 25 II 1926).
216,Łaskuda Michał 1873-1929,Poseł na Sejm Ust. oraz I kadencji 1922-27.
217,Łaszewski Stefan 1862-1924,Poseł na Sejm Ust.
218,Łosiński Bernard Antoni 1865-1940,Poseł na Sejm Ust. oraz III kadencji 1930-35.
219,Łoś Hieronim 1867-1929,Poseł na Sejm Ust.
220,Maciejewicz Stanisław 1869-1940,Poseł na Sejm Ust.
221,Madej Jakub 1868-1964,Poseł na Sejm Ust. i II kadencji 1928-30.
222,Madej Jan Kanty 1875-1941,Poseł na Sejm Ust. (od czerwca 1919) i II kadencji 1928-30.
223,Maj Andrzej 1869-1934,Poseł na Sejm Ust. (wicemarszałek).
224,Majcher Piotr 1874-1938,Poseł na Sejm Ust.
225,Majewski-Starża Stanisław Jan 1860-1944,Poseł na Sejm Ust.
226,Makuch Julian 1886-1958,Poseł na Sejm Ust.
227,Malewski Bronisław 1874-1920,Poseł na Sejm Ust.
228,Malinowski Marian 1876-1948,"Poseł na Sejm Ust. oraz I, II i III kadencji 1919-35."
229,Maliński Kazimierz 1872-1928,Poseł na Sejm Ust. (zrzekł się mandatu w 1921).
230,Małowieski Józef 1892-1944,Poseł na Sejm Ust.
231,Małyszko Adolf 1886-1963,Poseł na Sejm Ust. (złożył mandat na przełomie II/III 1920).
232,Mańkowski Franciszek 1872-1948,"Poseł na Sejm Ust. oraz II kadencji, 1919-1922 i 1928-29 (mandat wygasł 23 X 1929 z powodu zrz"
233,Marchut Wojciech 1869-1938,Poseł na Sejm Ust.
234,Marek Michał 1865-1952,Poseł na Sejm Ust.
235,Marek Zygmunt 1872-1931,Poseł na Sejm Ust. oraz I (czł. Sądu Honorowego) i II (wicemarsz. Sejmu do 25 I 1930) kadencj
236,Margol Jan 1892-1925,Poseł na Sejm Ust.
237,Marweg Zygmunt 1878-1930,Poseł na Sejm Ust.
238,Marylski Antoni 1865-1932,Poseł na Sejm Ust. i I kadencji 1919-27.
239,Maślanka Franciszek 1880-1962,Poseł na Sejm Ust. i I kadencji 1919-27. W Sejmie Ust. w II 1919 wybrany kwestorem Sejmu.
240,Matakiewicz Antoni August 1873-1937,Poseł na Sejm Ust. i I kadencji 1919-27.
241,Matusz Józef 1870-1938,Poseł na Sejm Ust. oraz III kadencji 1930-35 (ślubowanie złożył 16 XII 1932).
242,Mazur Franciszek 1871-1957,Poseł na Sejm Ust.
243,Mąkolski Julian 1873-1951,Poseł na Sejm Ust.
244,Mąkowski Władysław Tomasz 1885-1945,Poseł na Sejm Ust. (ślubowanie złożył po 3 II 1919).
245,Meissner Czesław Gorgoniusz 1879-1950,Poseł na Sejm Ust.
246,Mendelsohn Uszer Izrael 1873-1935,Poseł na Sejm Ust. (ślubowanie złożył 6 XII 1921).
247,Michalak Stanisław 1886-1958,Poseł na Sejm Ust.
248,Michalak Walenty 1882-1933,Poseł na Sejm Ust. oraz I kadencji 1922-27.
249,Mickiewicz Antoni ok. 1889-?,Poseł na Sejm Ust.
250,Mieczkowski Adam Franciszek 1876-1953,Poseł na Sejm Ust. oraz I kadencji 1922-27.
251,Miedziński Stanisław 1873-1937,Poseł na Sejm Ust.
252,Mierzejewski Karol 1879-1942,Poseł na Sejm Ust. oraz I kadencji 1922-27.
253,Milewicz Kazimierz ok. 1879-?,Poseł na Sejm Ust.
254,Misiołek Leon 1860-1926,Poseł na Sejm Ust.
255,Mizera Antoni 1886-1942,Poseł na Sejm Ust.
256,Moczydłowska Maria z d. Grzymkowska 1886-1969,Posłanka na Sejm Ust.
257,Moraczewska Zofia Anna z d. Gostkowska 1873-1958,Posłanka na Sejm Ust. i III kadencji 1930-35.
258,Moraczewski Jędrzej Edward 1870-1944,"Poseł na Sejm Ust. (wicemarsz.) oraz I kadencji 1922-27 (wicemarsz., zrzekł się mandatu posel"
259,Mrożewski Leonard 1861-?,Poseł na Sejm Ust.
260,Mróz Wincenty 1863-1945,Poseł na Sejm Ust.
261,Mystkowski Kazimierz 1871-1935,Poseł na Sejm Ust.
262,Nader Mikołaj 1875-1964,Poseł na Sejm Ust. oraz I i II kadencji 1922-30.
263,Napiórkowski Aleksander 1890-1920,Poseł na Sejm Ust.
264,Nasierowski Michał 1855-1920,Poseł na Sejm Ust.
265,Naumberg Dawid Hirsz 1874(?)-1927,"Poseł na Sejm Ust. (ślubowanie w maju 1919, mandat złożył 20 I 1921)"
266,Nawrocki Jan 1876-1958,Poseł na Sejm Ust. oraz I kadencji 1922-27
267,Niedbalski Serwacy Aleksander 1895-1941,Poseł na Sejm Ust. (od 7 V 1920) oraz I kadencji 1922-27 (sekretarz)
268,Niedziałkowski Mieczysław 1893-1940,"Poseł na Sejm Ust. (tymczasowy sekretarz) oraz I, II i III kadencji 1922-35, w Sejmie III kaden"
269,Niewinowski Stanisław 1892-1955,Poseł na Sejm Ust
270,Nowakowski Marceli 1882-1940,Poseł na Sejm Ust. oraz I i II kadencji 1922-30
271,Nowicki Albin 1891-1970,Poseł na Sejm Ust. (od 1 VI 1920) oraz I kadencji 1922-27
272,Nowicki Stanisław 1870-1948,"Poseł na Sejm Ust. (od 30 VI do 1 X 1919, wicemarsz.)"
273,Nurek Jakub 1874-1939,Poseł na Sejm Ust. (od 1 VI 1920)
274,Okoń Eugeniusz 1881-1949,Poseł na Sejm Ust. 1919-22 oraz I kadencji 1922-27
275,Olszański Ignacy 1883-1963,Poseł na Sejm Ust. 1919-22 (od 24 III 1922) oraz I kadencji 1922-27
276,Opala Władysław 1892-1976,Poseł na Sejm Ust. 1919-22
277,Orzechowski Józef 1885-?,Poseł na Sejm Ust. 1919-22
278,Osiecki Stanisław 1872-1967,"Poseł na Sejm Ust. 1919-22 (wicemarszałek) oraz I kadencji 1922-27 (wicemarszałek, zrzekł si"
279,Ostachowski Józef 1883-1960,Poseł na Sejm Ust. 1919-22 (wicemarszałek do 30.06.1919)
280,Ostrowski Michał 1876-1935,Poseł na Sejm Ust. 1919-22
281,Osuchowski Bronisław 1851-1929,Poseł na Sejm Ust. 1919-22
282,Paczóski Edward 1878-1942,Poseł na Sejm Ust. 1919-22
283,Paderewski Ignacy Jan 1860-1941,Poseł na Sejm Ust. 1919-22
284,Palonka Piotr 1886-1942,Poseł na Sejm Ust. 1919-22
285,Pawlik Wojciech ?-?,Poseł na Sejm Ust. 1919-22 (ślubowanie złożył 6 XII 1920)
286,Pączek Antoni Władysław 1890-1952,"Poseł na Sejm Ust. 1919-22 (ślubowanie złożył 7 III 1919) oraz I, II i III kadencji 1922-35"
287,Perl Feliks 1871-1927,Poseł na Sejm Ust. 1919-22 oraz I kadencji 1922-27
288,Perlmutter Abraham Hersz Cwi 1844-1930,Poseł na Sejm Ust. 1919-22
289,Pękala Stanisław 1887-1939,Poseł na Sejm Ust. 1919-22
290,Piasecka Anna Anastazja z d. Łęgowska 1882-1980,Posłanka na Sejm Ust. 1919-22
291,Piechota Szczepan 1871-1960,Poseł na Sejm Ust. 1919-22
292,Piekarski Antoni 1884-1933,Poseł na Sejm Ust. 1919-22 oraz III kadencji 1930-35
293,Pieniążek Jan 1881-1963,"Poseł na Sejm Ust. 1919-22 oraz I, II i V kadencji 1922-30 i 1938-39"
294,Pietrzyk Józef 1889-1962,Poseł na Sejm Ust. 1919-22
295,Piotrowski Adam 1875-1937,Poseł na Sejm Ust. 1919-22 oraz I kadencji 1922-27
296,Piotrowski Antoni 1877-1957,Poseł na Sejm Ust. 1919-22
297,Piotrowski Józef 1895-1961,Poseł na Sejm Ust. 1919-22
298,Piwko Piotr 1874?-?,Poseł na Sejm Ust. 1919-22 (mandat unieważniony 23 VI 1919 orzeczeniem Sądu Najwyższego z po
299,Pluta Andrzej 1869-1936,"Poseł na Sejm Ust., I (czł. Sądu Honorowego) i II kadencji 1919-30"
300,Płocha Stanisław 1887-?,Poseł Sejmu Ust. 1919-22
301,Poklewski-Koziełł Witold 1883-?,Poseł na Sejm Ust. 1919-22
302,Pomarański Stanisław 1885-1943,Poseł Sejmu Ust. 1919-22
303,Poniatowski Juliusz 1886-1975,"Poseł na Sejm Ust. i I kadencji (wicemarszałek od 2 XII 1922, zrzekł się mandatu 19 IX 1927)"
304,Ponikiewski Stefan 1881-1941,Poseł na Sejm Ust. 1919-22
305,Postolski Ignacy 1866-1939,Poseł na Sejm Ust. 1919-22
306,Pośpiech Paweł 1878-1922,Poseł Sejmu Ust. 1919-22
307,Potoczek Jan 1857-1941,Poseł na Sejm Ust. 1919-22
308,Potoczek Narcyz 1875-1943,"Poseł na Sejm Ust. oraz I, II i III kadencji 1919-35"
309,Pragacz Feliks ?-?,Poseł na Sejm Ust. (od kwietnia 1919)
310,Pryłucki Nojach 1882-1941,Poseł na Sejm Ust. (30 V 1919 unieważniono mandat wskutek orzeczenia Sądu Najwyższego z powo
311,Przewrocki Marcin 1877-1924,Poseł na Sejm Ust. i I kadencji 1919-27
312,Przeździecki Henryk Ignacy 1873-1939,Poseł na Sejm Ust. 1919-22 (18 III 1919 zrzekł się mandatu)
313,Przybycień Franciszek 1876-?,Poseł na Sejm Ust. 1919-22.
314,Pudlarz Franciszek 1883-1943,Poseł na Sejm Ust. (od 18 VIII 1920) i I kadencji 1919-27
315,Puławski Tadeusz ?-?,Poseł na Sejm Ust. 1919-22.
316,Pussak Piotr Jakub 1891-?,Poseł na Sejm Ust. 1919-22.
317,Putek Józef Aleksy 1892-1974,"Poseł na Sejm Ust. 1919-22 (sekretarz) oraz I, II, V kadencji 1922-30, 1938-39. W I kad. czł."
318,Putra Aleksander 1888-1962,Poseł na Sejm Ust. 1919-22.
319,Pużak Kazimierz 1883-1950,"Poseł na Sejm Ust. (sekretarz), I (sekretarz), II i III kadencji 1919-35"
320,Raczkowski Feliks 1876-?,Poseł na Sejm Ust. 1919-22 (wszedł do Sejmu na mocy uchwały z 24.03.1922) oraz I kadencji 192
321,Radziszewski Henryk Aleksander 1873-1923,Poseł na Sejm Ust. 1919-22 oraz I kadencji 1922-27 (zmarł w trakcie kadencji).
322,Radziwiłł ks. Ferdynand Franciszek 1834-1926,Poseł na Sejm Ust. 1919-22.
323,Rajca Szymon 1875-1935,Poseł na Sejm Ust. 1919-22.
324,Rajski Józef 1868-1936,Poseł na Sejm Ust. 1919-22.
325,Ramatowski Antoni 1890-?,Poseł na Sejm Ust. 1919-22.
326,Rasner Chaim 1882-1942,Poseł na Sejm Ust. 1919-22 oraz II kadencji 1928-30.
327,Rataj Maciej 1884-1940,"Poseł na Sejm Ust. 1919-22 oraz I (marszałek), II i III (od 1934) kadencji 1922-35."
328,Rauch Edmund 1863-1923,Poseł na Sejm Ust. 1919-22.
329,Rączkowski Józef 1885-1951,Poseł na Sejm Ust. 1919-22.
330,Reder Ignacy 1881-1941,"Poseł na Sejm Ust. 1920-22 (wybrany w wyborach uzupełniających 20.05.1920) oraz I, II i III k"
331,Reger Tadeusz 1872-1938,"Poseł na Sejm Ust. 1919-22 (od 14.03.1919) oraz I, II i III kadencji 1922-35."
332,Reizes Henryk 1878-1931,Poseł na Sejm Ust. 1919-22 oraz I kadencji 1922-27.
333,Rejdych Franciszek 1874-1963,Poseł na Sejm Ust. 1919-22.
334,Roj-Gąsienica Wojciech 1875-1954,Poseł na Sejm Ust. 1919-22 oraz III kadencji 1930-35.
335,Rolla Ludwik Hipolit 1890-?,Poseł na Sejm Ust. 1919-22.
336,Rosenblatt Jerzy 1872-1945,"Poseł na Sejm Ust. 1919-22 oraz I, II i III kadencji 1922-35."
337,Rosenfeld Max ?-1919,"Wybrany na posła do Sejmu Ustawodawczego, zmarł przed objeciem mandatu."
338,Rosset Aleksander Henryk de 1866-1933,Poseł na Sejm Ust. 1919-22.
339,Rottermund Stefan 1878-1945,Poseł na Sejm Ust. 1919-22.
340,Równicki Walenty 1882-1947,Poseł na Sejm Ust. 1919-22.
341,Rudnicki Jan Piotr 1867-1944,Poseł na Sejm Ust. 1919-22 oraz I kadencji 1922-27.
342,Rudnicki Mieczysław Wiktor ?-?,Poseł na Sejm Ust. 1919-22.
343,Rudnik Michał 1864-1941,Poseł na Sejm Ust. 1919-22.
344,Rudziński Eustachy 1885-1953,Poseł na Sejm Ust. 1919-22 oraz I kadencji 1922-27.
345,Rutkowski Agaton 1891-?,Poseł na Sejm Ust. 1919-22.
346,Rymer Józef 1882-1922,Poseł na Sejm Ust. 1919-22.
347,Rząd Antoni 1865-1940(41)?,Poseł na Sejm Ust. 1919-22.
348,Sadowski Franciszek Ksawery 1863-1923,Poseł na Sejm Ust. 1919-22 (od 31.01.1922).
349,Sawicki Szczepan 1870-1944,Poseł na Sejm Ust. 1919-22 oraz I kadencji 1922-27.
350,Schipper Izaak Ignacy 1884-1945(43)?,Poseł na Sejm Ust. 1919-22 oraz I kadencji 1922-27.
351,Seib Tadeusz Józef 1887-?,Poseł na Sejm Ust. 1919-22 oraz I kadencji 1922-27.
352,Serwatowski Władysław Józef 1873-1940,Poseł na Sejm Ust. 1919-22.
353,Seyda Marian 1879-1967,Poseł na Sejm Ust. 1919-22 oraz I kadencji 1922-27.
354,Seyda Władysław Kazimierz 1863-1938,Poseł na Sejm Ust. 1919-22.
355,Seyda Zygmunt 1876-1925,Poseł na Sejm Ust. 1919-22 (wicemarszałek od 1921) oraz I kadencji 1922-27 (zmarł w trakcie k
356,Sędzimir Zygmunt 1881-1933,Poseł na Sejm Ust. 1919-22.
357,Sieciński Jan 1877-?,Poseł na Sejm Ust. 1919-22 (od 1920) oraz I kadencji 1922-27.
358,Sikora Wojciech 1874-1939,Poseł na Sejm Ust. 1919-22 oraz I kadencji 1922-27.
359,Skarbek Aleksander 1874-1922,Poseł na Sejm Ust. 1919-22 (zmarł w trakcie kadencji).
360,Skrzypek Henryk 1875-1940(41?),Poseł na Sejm Ust. 1919-22.
361,Skulski Leopold 1877-po 1939,Poseł na Sejm Ust. 1919-22.
362,Skup Władysław 1881-?,Poseł na Sejm Ust. 1919-22.
363,Smoła Jan 1889-1945,"Poseł na Sejm Ust. 1919-22 oraz I, II i III kadencji 1922-35."
364,Smólski Stefan 1879-1938,Poseł na Sejm Ust. 1919-22.
365,Smulikowski Julian 1886-1934,"Poseł na Sejm Ust. 1919-22 oraz I, II i III kadencji 1922-35; zmarł przed końcem kadencji."
366,Sobek Jan 1880-1955,Poseł na Sejm Ust. 1919-22 oraz I i II kadencji 1922-30.
367,Sobolewski Kazimierz 1865-1935,Poseł na Sejm Ust. 1919-22.
368,Sokolnicka Zofia 1878-1927,Poseł na Sejm Ust. 1919-22 oraz I kadencji 1922-27.
369,Sokołowski Stefan ?-?,Poseł na Sejm Ust. 1919-22 (od sierpnia 1919).
370,Sołtyk Stefan 1880-1945,Poseł na Sejm Ust. 1919-22 oraz I kadencji 1922-27.
371,Sosiński Wojciech 1872-1934,"Poseł na Sejm Ust. 1919-22 oraz I (od 1924), II i III kadencji 1922-35."
372,Spickerman Józef Aleksander 1870-1947,Poseł na Sejm Ust. 1919-22 oraz I kadencji.
373,Splett Johann 1858-?,Poseł na Sejm Ust. 1919-22.
374,Staniszkis Teofil Witold 1880-1941,"Poseł na Sejm Ust. 1919-22 oraz I, II i III kadencji 1922-35."
375,Stapiński Jan 1867-1946,Poseł na Sejm Ust. 1919-22 oraz II kadencji 1928-30.
376,Starkiewicz Feliks Szczęsny 1881-1958,Poseł na Sejm Ust. 1919-22.
377,Starowieyski Stanisław 1866-1926,Poseł na Sejm Ust. 1919-22.
378,Starzyński Feliks 1864-1945,Poseł na Sejm Ust. 1919-22.
379,Staszyński Stanisław 1890-1957,Poseł na Sejm Ust. 1919-22.
380,Steinhaus Ignacy 1860-1928,Poseł na Sejm Ust. 1919-22.
381,Stern Bernard 1848-1920,Poseł na Sejm Ust. 1919-22 (zmarł w trakcie kadencji).
382,Stesłowicz Władysław 1867-1940,Poseł na Sejm Ust. 1919-22.
383,Stępień Kazimierz 1882-?,Poseł na Sejm Ust. 1919-22.
384,Stolarski Błażej 1880-1942,Poseł na Sejm Ust. 1919-22 oraz I i II kadencji 1922-30.
385,Strzębalski Władysław 1899-?,Poseł na Sejm Ust. 1919-22.
386,Stychel Antoni 1859-1935,Poseł na Sejm Ust. 1919-22 (wicemarszałek).
387,Styczyński Tadeusz 1870-1942,Poseł na Sejm Ust. 1919-22 oraz I kadencji 1922-27.
388,Sudoł Jan 1882-1964,Poseł na Sejm Ust. 1919-22.
389,Suligowski Adolf 1849-1932,Poseł na Sejm Ust. 1919-22.
390,Suliński Stanisław 1873-1951,Poseł na Sejm Ust. 1919-22.
391,Surwiłło Edward ok. 1878-?,Poseł na Sejm Ust. 1919-22 (od 30.03.1922).
392,Swatowski Antoni 1884-?,Poseł na Sejm Ust. 1919-22.
393,Sykulski Kazimierz 1882-1942,Poseł na Sejm Ust. 1919-22.
394,Szadurski Wacław 1878-1958,Poseł na Sejm Ust. 1919-22 (od 27.03.1922).
395,Szafranek Jan 1876-1966,Poseł na Sejm Ust. 1919-22 oraz I kadencji 1922-27.
396,Szczerkowski Antoni 1881-1960,"Poseł na Sejm Ust. 1919-22 oraz I, II i III kadencji 1922-35."
397,Szczęsnowicz Stanisław 1867-1944,Poseł na Sejm Ust. 1919-22.
398,Szewczyk Adam 1892-1983,Poseł na Sejm Ust. 1919-22.
399,Szmigiel Antoni 1884-1958,Poseł na Sejm Ust. 1919-22 oraz I kadencji 1922-27.
400,Szperna Stanisław 1882-?,Poseł na Sejm Ust. 1919-22.
401,Szwabowicz Antoni 1882-1925,Poseł na Sejm Ust. 1919-22.
402,Szybiłło Teodor 1873-1937,Poseł na Sejm Ust. 1919-22.
403,Szymański Franciszek 1888-1924,Poseł na Sejm Ust. 1919-22.
404,Szymański Stanisław 1874-po 1934,Poseł na Sejm Ust. 1919-22.
405,Szymborski Julian 1875-?,Poseł na Sejm Ust. oraz I kadencji 1922-27.
406,Szymczak Wincenty 1891-?,Poseł na Sejm Ust. 1919-22.
407,Szyszkowski Jan 1881-?,Poseł na Sejm Ust. 1919-22.
408,Śliwiński Hipolit 1866-1932,Poseł na Sejm Ust. 1919-22 oraz I kadencji 1922-27.
409,Śnieguła Andrzej ?-?,Poseł na Sejm Ust. 1919-22.
410,Średniawski Andrzej 1857-1931,Poseł na Sejm Ust. 1919-22.
411,Śrótka Roman 1888-?,Poseł na Sejm Ust. 1919-22.
412,Świda Adolf 1855-1922,Poseł na Sejm Ust. 1919-22 (zmarł w trakcie kadencji).
413,Świechowski Marian 1882-1934,Poseł na Sejm Ust. 1919-22.
414,Świerad Tomasz 1863-1920,Poseł na Sejm Ust. 1919-22 (zmarł w trakcie kadencji).
415,Świniarski Alojzy 1871-?,Poseł na Sejm Ust. 1919-22.
416,Tabaczyński Tadeusz 1868-1938,Poseł na Sejm Ust. 1919-22 oraz I kadencji 1922-27.
417,Tabor Jan 1884-1955,Poseł na Sejm Ust. 1919-22 oraz I i II kadencji 1922-30.
418,Tarnawski Leonard Michał 1845-1930,Poseł na Sejm Ust. 1919-22.
419,Tatarczak Stefan 1883-1962,Poseł na Sejm Ust. 1919-22 oraz I i IV kadencji 1922-27 i 1935-38.
420,Teodorowicz Józef Teofil 1864-1938,Poseł na Sejm Ust. 1919-22.
421,Thomas Aleksander 1871-?,Poseł na Sejm Ust. 1919-22.
422,Thomas Ignacy 1876-1938,Poseł na Sejm Ust. 1919-22.
423,Thon Ozjasz Abraham 1870-1936,"Poseł na Sejm Ust. 1919-22 oraz I, II i III kadencji 1922-35."
424,Toczek Walenty 1880-1956,Poseł na Sejm Ust. 1919-22 oraz I kadencji 1922-27.
425,Tomaszewski Wacław Kazimierz 1884-1970,Poseł na Sejm Ust. 1919-22.
426,Tomaszewski Wawrzyniec 1871-?,Poseł na Sejm Ust. 1919-22 (od 15.10.1919).
427,Tomczak Mieczysław 1887-?,Poseł na Sejm Ust. 1919-22.
428,Trąmpczyński Wojciech 1860-1953,Poseł na Sejm Ust. 1919-22 (marszałek od 14.02.1919) oraz II i III kadencji 1928-35.
429,Trzciński Juliusz 1880-1939,Poseł na Sejm Ust. 1919-22.
430,Tuchołka Wiesław 1882-1942,Poseł na Sejm Ust. 1919-22.
431,Tutaj Dominik 1883-1964,Poseł na Sejm Ust. 1919-22.
432,Tylman Franciszek 1885-?,Poseł na Sejm Ust. 1919-22 oraz V kadencji 1938-39.
433,Ulewicz Wojciech 1875-?,Poseł na Sejm Ust. 1919-22.
434,Uziembło Adam 1885-1971,Poseł na Sejm Ust. 1919-22.
435,Wachowiak Stanisław 1890-1972,Poseł na Sejm Ust 1919-22 oraz I kadencji 1922-27 (zrzekł się mandatu w maju 1924).
436,Walczuk Józef 1877-?,Poseł na Sejm Ust. 1919-22.
437,Waleron Andrzej 1882-1969,"Poseł na Sejm Ust. 1919-22 oraz I, II i III kadencji 1922-35."
438,Walisiak Józef 1887-1939,Poseł na Sejm Ust. 1919-22.
439,Wasilewski Romuald 1892-1970,Poseł na Sejm Ust. 1919-22.
440,Waszkiewicz Ludwik 1888-1976,"Poseł na Sejm Ust. 1919-22 oraz I, II, III i IV kadencji 1922-30 i 1935-38."
441,Watulewicz Józef 1868-1953,Poseł na Sejm Ust. 1919-22.
442,Weber Tadeusz 1878-1930,Poseł na Sejm Ust. 1919-22 (od 24.09.1920).
443,Weinzieher Salomon 1869-?,Poseł na Sejm Ust. 1919-22 oraz I kadencji 1922-27.
444,Wichliński Michał Feliks 1882-1960,Poseł na Sejm Ust. 1919-22 oraz I kadencji 1922-27.
445,Wierzbicki Andrzej 1877-1961,"Poseł na Sejm Ust. 1919-22, I 1922-27 oraz IV kadencji 1935-38."
446,Wilczkowiakowa z d. Dembska Franciszka 1880-1963,Posłanka na Sejm Ust. 1919-22.
447,Winiarczyk Feliks 1867-?,Poseł na Sejm Ust. 1919-22.
448,Witkowski Bolesław 1873-1939,Poseł na Sejm Ust. 1919-22 (zrzekł się mandatu 25.05.1922).
449,Witkowski Piotr ?-?,Poseł na Sejm Ust. 1919-22 (od 23.03.1920).
450,Witos Wincenty 1874-1945,"Poseł na Sejm Ust. 1919-22 oraz I, II i III (mandat wygasł 11.12.1933) kadencji 1922-35."
451,Włodek Stanisław 1873-1930,Poseł na Sejm Ust. 1919-22.
452,Wojda Teofil 1884-1920,Poseł na Sejm Ust. 1919-22 (zmarł w trakcie kadencji).
453,Wojdaliński Ryszard 1890-?,Poseł na Sejm Ust. 1919-22.
454,Wojdyła Wawrzyniec 1895-1965,Poseł na Sejm Ust. 1919-22 (mandat unieważniony w sierpniu 1919).
455,Wojnarowicz Antoni 1859-1941,Poseł na Sejm Ust. 1919-22 (od listopada 1920).
456,Wojtan Mikołaj 1875-?,Poseł na Sejm Ust. 1919-22.
457,Wojtaszek Kazimierz 1875-?,Poseł na Sejm Ust. 1919-22.
458,Wojtulanis Wacław ?-1919,Poseł na Sejm Ust. 1919-22 (zmarł w trakcie kadencji).
459,Wolf Ludwik 1859-1923,Poseł na Sejm Ust. 1919-22 (zrzekł sie mandatu w 1919).
460,Woźnicki Jan 1881-1945,Poseł na Sejm Ust. 1919-22 oraz II (wicemarszałek) kadencji 1928-30.
461,Wójcik Franciszek 1863-1941,Poseł na Sejm Ust. 1919-22.
462,Wróbel Tomasz 1878-1950,Poseł na Sejm Ust. 1919-22.
463,Wróblewski Bolesław 1867-1951,Poseł na Sejm Ust. 1919-22.
464,Wróblewski Julian 1885-?,Poseł na Sejm Ust. 1919-22.
465,Wysocki Kazimierz Józef 1855-?,Poseł na Sejm Ust. 1919-22.
466,Zagórski Józef 1875-?,Poseł na Sejm Ust. 1919-22.
467,Zajda Wojciech 1872-1968,Poseł na Sejm Ust. 1919-22.
468,Zaleski Adam ok. 1898-?,Poseł na Sejm Ust. 1919-22.
469,Zalewski Antoni Andrzej 1897-?,Poseł na Sejm Ust. 1919-22.
470,Załęski Ignacy 1880-?,Poseł na Sejm Ust. 1919-22.
471,Załuska Jan 1873-1941,Poseł na Sejm Ust. 1919-22 oraz I kadencji 1922-27.
472,Zamiara Józef 1882-?,Poseł na Sejm Ust. 1919-22 (od 1920).
473,Zamorski Jan 1874-1948,Poseł na Sejm Ust. 1919-22 oraz I kadencji 1922-27.
474,Zasztowt Aleksander 1877-1944,Poseł na Sejm Ust. 1919-22.
475,Zawada Jan 1891-?,Poseł na Sejm Ust. 1919-22 (od października1919).
476,Zdanowski Władysław ?-?,Poseł na Sejm Ust. 1919-22 (od lipca 1922).
477,Zero Kazimierz 1883-?,Poseł na Sejm Ust. 1919-22.
478,Ziemięcki Bronisław 1885-1944,Poseł na Sejm Ust. 1919-22 oraz I i II kadencji 1922-30.
479,Zwierzyński Aleksander 1880-1958,"Poseł na Sejm Ust. 1919-22 oraz I (wicemarszałek), II i III kadencji 1922-35."
480,Zyskowski Jan 1875-?,Poseł na Sejm Ust. 1919-22.
481,Żebrowski Aleksander 1875-?,Poseł na Sejm Ust. 1919-22 oraz I kadencji 1922-27.
482,Żmitrowicz Józef 1879-1980,Poseł na Sejm Ust. 1919-22.
483,Żuławski Zygmunt 1880-1949,"Poseł na Sejm Ust. 1919-22 oraz I, II i III kadencji 1922-35."